feature.ID	class
10334	Food
1038	Food
1040	Food
1043	Food
10433	Food
10482	Food
1052	Food
1059	Food
10654	Food
10793	Food
1080	Food
11216	Food
11679	Food
1168	Food
11785	Food
11878	Food
11962	Food
12175	Food
1241	Food
1272	Food
12733	Food
12907	Food
1315	Food
13308	Food
1358	Food
1374	Food
1380	Food
13916	Food
14041	Food
1412	Food
14471	Food
14570	Food
1470	Food
149	Food
14945	Food
15072	Food
15076	Food
15159	Food
15302	Food
15389	Food
1544	Food
15493	Food
15528	Food
15855	Food
15959	Food
1627	Food
1643	Food
16448	Food
1684	Food
1687	Food
1721	Food
17212	Food
17304	Food
1732	Food
17572	Food
17678	Food
17692	Food
17703	Food
1788	Food
1806	Food
18481	Food
18756	Food
19028	Food
2009	Food
2011	Food
20616	Food
20697	Food
2099	Food
2132	Food
2136	Food
2142	Food
2239	Food
2266	Food
22746	Food
2285	Food
2325	Food
25400	Food
25489	Food
26184	Food
2635	Food
2767	Food
2803	Food
2825	Food
2879	Food
2933	Food
2971	Food
3023	Food
3038	Food
3099	Food
3112	Food
313	Food
3131	Food
3136	Food
3154	Food
3169	Food
3209	Food
3248	Food
3380	Food
3530	Food
3553	Food
3629	Food
3644	Food
3651	Food
366	Food
3712	Food
3713	Food
3808	Food
3827	Food
3834	Food
3852	Food
3865	Food
3866	Food
391	Food
4157	Food
4205	Food
4207	Food
4217	Food
4318	Food
4418	Food
4438	Food
4465	Food
4505	Food
4537	Food
4613	Food
466	Food
4725	Food
4775	Food
4776	Food
4800	Food
4828	Food
4859	Food
4883	Food
4890	Food
4966	Food
5145	Food
5197	Food
5204	Food
5213	Food
5241	Food
5251	Food
5344	Food
5409	Food
5634	Food
5716	Food
5811	Food
5812	Food
5814	Food
5870	Food
594	Food
6	Food
6066	Food
6152	Food
6162	Food
6343	Food
6390	Food
642	Food
6467	Food
6514	Food
6574	Food
6596	Food
6687	Food
6753	Food
6814	Food
6846	Food
6957	Food
7035	Food
7064	Food
7092	Food
7111	Food
730	Food
750	Food
7881	Food
7906	Food
7919	Food
7935	Food
8047	Food
815	Food
829	Food
8502	Food
8537	Food
8680	Food
876	Food
889	Food
8939	Food
897	Food
9001	Food
924	Food
9249	Food
9602	Food
9854	Food
9892	Food
9928	Food
9946	Food
1	Microbial
10032	Microbial
10038	Microbial
1004	Microbial
1023	Microbial
10263	Microbial
10269	Microbial
10361	Microbial
10407	Microbial
10420	Microbial
10498	Microbial
1050	Microbial
10506	Microbial
10530	Microbial
10535	Microbial
10546	Microbial
10565	Microbial
1060	Microbial
10631	Microbial
10642	Microbial
10665	Microbial
10723	Microbial
10743	Microbial
10764	Microbial
1082	Microbial
10832	Microbial
10854	Microbial
10876	Microbial
10895	Microbial
10896	Microbial
10907	Microbial
10916	Microbial
10919	Microbial
1093	Microbial
10951	Microbial
10975	Microbial
11	Microbial
11001	Microbial
1101	Microbial
11059	Microbial
11073	Microbial
11096	Microbial
11104	Microbial
11124	Microbial
11136	Microbial
11142	Microbial
11187	Microbial
11247	Microbial
11297	Microbial
11311	Microbial
11372	Microbial
11452	Microbial
11468	Microbial
11523	Microbial
11525	Microbial
1156	Microbial
11570	Microbial
11593	Microbial
11626	Microbial
11637	Microbial
11694	Microbial
1170	Microbial
11722	Microbial
11780	Microbial
11792	Microbial
11799	Microbial
11802	Microbial
11810	Microbial
1185	Microbial
11865	Microbial
11883	Microbial
1192	Microbial
11944	Microbial
11947	Microbial
11985	Microbial
1199	Microbial
11993	Microbial
11998	Microbial
12044	Microbial
12071	Microbial
1208	Microbial
12084	Microbial
12105	Microbial
12130	Microbial
12133	Microbial
1215	Microbial
12189	Microbial
12228	Microbial
12241	Microbial
12254	Microbial
12313	Microbial
12343	Microbial
12352	Microbial
1236	Microbial
12374	Microbial
12377	Microbial
124	Microbial
1242	Microbial
12454	Microbial
12456	Microbial
12458	Microbial
1247	Microbial
12517	Microbial
1255	Microbial
12568	Microbial
1257	Microbial
12586	Microbial
1264	Microbial
1265	Microbial
12662	Microbial
12717	Microbial
12748	Microbial
12765	Microbial
12871	Microbial
12889	Microbial
1292	Microbial
12935	Microbial
12962	Microbial
1301	Microbial
13032	Microbial
13114	Microbial
1312	Microbial
13146	Microbial
13165	Microbial
13203	Microbial
1322	Microbial
1325	Microbial
1326	Microbial
13278	Microbial
13300	Microbial
13325	Microbial
1335	Microbial
13359	Microbial
134	Microbial
13437	Microbial
13484	Microbial
1356	Microbial
13608	Microbial
13619	Microbial
13701	Microbial
13717	Microbial
13749	Microbial
13754	Microbial
13805	Microbial
13809	Microbial
13813	Microbial
13825	Microbial
1389	Microbial
1395	Microbial
14048	Microbial
14064	Microbial
14101	Microbial
14104	Microbial
14137	Microbial
14160	Microbial
14167	Microbial
1428	Microbial
14282	Microbial
14341	Microbial
14349	Microbial
1442	Microbial
14442	Microbial
1446	Microbial
14474	Microbial
14495	Microbial
14503	Microbial
14554	Microbial
14611	Microbial
14620	Microbial
1465	Microbial
14690	Microbial
1472	Microbial
14744	Microbial
14780	Microbial
1489	Microbial
14894	Microbial
1492	Microbial
14934	Microbial
14979	Microbial
15003	Microbial
15009	Microbial
1503	Microbial
15047	Microbial
15091	Microbial
15102	Microbial
15105	Microbial
15132	Microbial
1514	Microbial
1517	Microbial
15255	Microbial
1527	Microbial
15284	Microbial
15303	Microbial
15326	Microbial
15368	Microbial
1537	Microbial
15454	Microbial
15531	Microbial
15569	Microbial
15585	Microbial
15604	Microbial
15625	Microbial
15634	Microbial
1564	Microbial
15656	Microbial
15659	Microbial
15674	Microbial
15677	Microbial
15697	Microbial
15702	Microbial
15727	Microbial
15766	Microbial
15858	Microbial
15871	Microbial
15883	Microbial
15908	Microbial
15912	Microbial
15920	Microbial
15947	Microbial
15989	Microbial
16004	Microbial
16020	Microbial
16032	Microbial
16056	Microbial
16086	Microbial
16180	Microbial
16207	Microbial
16239	Microbial
16245	Microbial
16269	Microbial
1630	Microbial
16334	Microbial
16342	Microbial
16368	Microbial
16371	Microbial
16373	Microbial
16390	Microbial
16399	Microbial
16465	Microbial
16488	Microbial
16513	Microbial
16541	Microbial
16542	Microbial
16553	Microbial
16566	Microbial
16570	Microbial
16572	Microbial
16589	Microbial
16599	Microbial
16621	Microbial
16626	Microbial
16628	Microbial
16656	Microbial
16677	Microbial
16680	Microbial
16699	Microbial
167	Microbial
16710	Microbial
16770	Microbial
16779	Microbial
16798	Microbial
16799	Microbial
1682	Microbial
16820	Microbial
1685	Microbial
1686	Microbial
16879	Microbial
16881	Microbial
16924	Microbial
16940	Microbial
16964	Microbial
16968	Microbial
16987	Microbial
16990	Microbial
17073	Microbial
17074	Microbial
17082	Microbial
17093	Microbial
17116	Microbial
17119	Microbial
17127	Microbial
17146	Microbial
17171	Microbial
17178	Microbial
17189	Microbial
17196	Microbial
17215	Microbial
17230	Microbial
17233	Microbial
17236	Microbial
17261	Microbial
17279	Microbial
17293	Microbial
17297	Microbial
17303	Microbial
17309	Microbial
17337	Microbial
17361	Microbial
17368	Microbial
17375	Microbial
17379	Microbial
17386	Microbial
17388	Microbial
17440	Microbial
17445	Microbial
17457	Microbial
17462	Microbial
17467	Microbial
17468	Microbial
17487	Microbial
17510	Microbial
17511	Microbial
1753	Microbial
17533	Microbial
17558	Microbial
17559	Microbial
17560	Microbial
17571	Microbial
17576	Microbial
17585	Microbial
176	Microbial
1760	Microbial
17605	Microbial
17606	Microbial
17627	Microbial
17651	Microbial
17656	Microbial
17662	Microbial
17663	Microbial
17689	Microbial
17702	Microbial
17727	Microbial
17744	Microbial
17748	Microbial
17749	Microbial
17752	Microbial
17759	Microbial
17785	Microbial
17797	Microbial
17805	Microbial
17819	Microbial
17824	Microbial
17835	Microbial
1785	Microbial
17857	Microbial
17861	Microbial
17872	Microbial
17876	Microbial
17878	Microbial
17921	Microbial
1793	Microbial
17933	Microbial
17943	Microbial
17954	Microbial
17978	Microbial
17991	Microbial
17993	Microbial
18006	Microbial
18008	Microbial
18018	Microbial
18019	Microbial
18031	Microbial
18036	Microbial
18042	Microbial
18044	Microbial
18054	Microbial
18078	Microbial
18082	Microbial
18092	Microbial
18093	Microbial
18100	Microbial
18101	Microbial
18103	Microbial
18106	Microbial
18122	Microbial
18125	Microbial
18127	Microbial
18136	Microbial
18142	Microbial
18145	Microbial
18159	Microbial
18165	Microbial
18209	Microbial
18226	Microbial
18228	Microbial
18233	Microbial
18239	Microbial
18251	Microbial
18256	Microbial
18282	Microbial
18295	Microbial
18361	Microbial
18375	Microbial
18393	Microbial
18395	Microbial
18416	Microbial
18432	Microbial
18433	Microbial
18440	Microbial
1847	Microbial
18511	Microbial
18512	Microbial
18524	Microbial
1853	Microbial
18600	Microbial
18602	Microbial
18624	Microbial
1867	Microbial
18687	Microbial
18697	Microbial
18703	Microbial
18704	Microbial
18716	Microbial
18717	Microbial
18766	Microbial
18779	Microbial
18804	Microbial
18866	Microbial
18938	Microbial
18941	Microbial
18955	Microbial
18967	Microbial
18976	Microbial
18990	Microbial
19	Microbial
19011	Microbial
19022	Microbial
19048	Microbial
19056	Microbial
19084	Microbial
191	Microbial
19100	Microbial
19116	Microbial
19117	Microbial
19126	Microbial
19160	Microbial
19172	Microbial
19187	Microbial
19220	Microbial
19256	Microbial
19257	Microbial
19271	Microbial
19277	Microbial
19320	Microbial
19325	Microbial
19338	Microbial
19345	Microbial
1937	Microbial
19415	Microbial
19461	Microbial
1950	Microbial
19505	Microbial
19620	Microbial
19629	Microbial
19671	Microbial
19707	Microbial
1973	Microbial
19769	Microbial
19784	Microbial
19793	Microbial
19819	Microbial
19820	Microbial
19829	Microbial
19830	Microbial
19845	Microbial
19897	Microbial
19910	Microbial
19913	Microbial
19917	Microbial
19918	Microbial
19921	Microbial
19952	Microbial
19974	Microbial
19995	Microbial
20009	Microbial
2002	Microbial
20029	Microbial
20047	Microbial
2005	Microbial
20075	Microbial
20077	Microbial
20125	Microbial
20135	Microbial
20140	Microbial
20148	Microbial
20185	Microbial
20191	Microbial
20194	Microbial
20216	Microbial
20237	Microbial
20255	Microbial
20257	Microbial
2027	Microbial
20284	Microbial
20293	Microbial
20301	Microbial
20313	Microbial
20316	Microbial
20320	Microbial
20330	Microbial
20366	Microbial
20372	Microbial
20373	Microbial
20374	Microbial
20375	Microbial
20386	Microbial
20388	Microbial
20391	Microbial
20442	Microbial
20446	Microbial
20447	Microbial
20457	Microbial
20464	Microbial
20503	Microbial
20506	Microbial
20509	Microbial
20523	Microbial
20534	Microbial
20574	Microbial
20592	Microbial
20607	Microbial
2061	Microbial
20613	Microbial
20641	Microbial
20645	Microbial
20647	Microbial
2066	Microbial
20674	Microbial
20684	Microbial
20693	Microbial
20708	Microbial
20728	Microbial
20730	Microbial
20770	Microbial
20778	Microbial
20795	Microbial
20815	Microbial
20871	Microbial
20877	Microbial
20880	Microbial
20894	Microbial
20905	Microbial
20916	Microbial
20917	Microbial
20918	Microbial
20940	Microbial
2096	Microbial
20967	Microbial
20975	Microbial
20977	Microbial
20981	Microbial
20984	Microbial
21020	Microbial
2104	Microbial
21055	Microbial
21101	Microbial
21158	Microbial
21166	Microbial
21171	Microbial
21188	Microbial
21192	Microbial
21195	Microbial
212	Microbial
21205	Microbial
21210	Microbial
21212	Microbial
21220	Microbial
21236	Microbial
21239	Microbial
21257	Microbial
21284	Microbial
21287	Microbial
21301	Microbial
21340	Microbial
21345	Microbial
21372	Microbial
21373	Microbial
21385	Microbial
21396	Microbial
21402	Microbial
21409	Microbial
21463	Microbial
21464	Microbial
21465	Microbial
21470	Microbial
21483	Microbial
21516	Microbial
21518	Microbial
21522	Microbial
21531	Microbial
21541	Microbial
21544	Microbial
2155	Microbial
21552	Microbial
2157	Microbial
21578	Microbial
21593	Microbial
21603	Microbial
21610	Microbial
21629	Microbial
21632	Microbial
21652	Microbial
21654	Microbial
21657	Microbial
21705	Microbial
21726	Microbial
21760	Microbial
21778	Microbial
21781	Microbial
21796	Microbial
21843	Microbial
21868	Microbial
21889	Microbial
21966	Microbial
21975	Microbial
21983	Microbial
21999	Microbial
22009	Microbial
2202	Microbial
22022	Microbial
22040	Microbial
22042	Microbial
2206	Microbial
22069	Microbial
22095	Microbial
22099	Microbial
2210	Microbial
22157	Microbial
22164	Microbial
22172	Microbial
22212	Microbial
22251	Microbial
22256	Microbial
22264	Microbial
22266	Microbial
22289	Microbial
22291	Microbial
22294	Microbial
22300	Microbial
22325	Microbial
22331	Microbial
22429	Microbial
22446	Microbial
22478	Microbial
22480	Microbial
22500	Microbial
22516	Microbial
22522	Microbial
22528	Microbial
22534	Microbial
22595	Microbial
22600	Microbial
22627	Microbial
22651	Microbial
22708	Microbial
22724	Microbial
22727	Microbial
22742	Microbial
22744	Microbial
22752	Microbial
22757	Microbial
22768	Microbial
22783	Microbial
22794	Microbial
22795	Microbial
22848	Microbial
22856	Microbial
22864	Microbial
22874	Microbial
22878	Microbial
22883	Microbial
22890	Microbial
22910	Microbial
22915	Microbial
22922	Microbial
22946	Microbial
22954	Microbial
22960	Microbial
22989	Microbial
22999	Microbial
23010	Microbial
23016	Microbial
23023	Microbial
2304	Microbial
23052	Microbial
23060	Microbial
23069	Microbial
2307	Microbial
23082	Microbial
23090	Microbial
23136	Microbial
23147	Microbial
23150	Microbial
23160	Microbial
23161	Microbial
23162	Microbial
23173	Microbial
23184	Microbial
23204	Microbial
23205	Microbial
23208	Microbial
23215	Microbial
23227	Microbial
23257	Microbial
23258	Microbial
23272	Microbial
23281	Microbial
23289	Microbial
23297	Microbial
23300	Microbial
23305	Microbial
23317	Microbial
23331	Microbial
2337	Microbial
23370	Microbial
23398	Microbial
23403	Microbial
23404	Microbial
23412	Microbial
23415	Microbial
23419	Microbial
23427	Microbial
23447	Microbial
23453	Microbial
23467	Microbial
23480	Microbial
23505	Microbial
23514	Microbial
23515	Microbial
23527	Microbial
23541	Microbial
23547	Microbial
23557	Microbial
23559	Microbial
23560	Microbial
23570	Microbial
23571	Microbial
23572	Microbial
23577	Microbial
23583	Microbial
23600	Microbial
23615	Microbial
23624	Microbial
23633	Microbial
23653	Microbial
23654	Microbial
23676	Microbial
23685	Microbial
23690	Microbial
23698	Microbial
23715	Microbial
23735	Microbial
23753	Microbial
23754	Microbial
23755	Microbial
23762	Microbial
23797	Microbial
23820	Microbial
23822	Microbial
23828	Microbial
23851	Microbial
23865	Microbial
23866	Microbial
2389	Microbial
23896	Microbial
2390	Microbial
23937	Microbial
23945	Microbial
2395	Microbial
23998	Microbial
24011	Microbial
24013	Microbial
24022	Microbial
24023	Microbial
24037	Microbial
24042	Microbial
24055	Microbial
2406	Microbial
24068	Microbial
24070	Microbial
24071	Microbial
24108	Microbial
24110	Microbial
24115	Microbial
24130	Microbial
24151	Microbial
24161	Microbial
24170	Microbial
24175	Microbial
24176	Microbial
24195	Microbial
24196	Microbial
24204	Microbial
24206	Microbial
24207	Microbial
24209	Microbial
24210	Microbial
24214	Microbial
24216	Microbial
24223	Microbial
24228	Microbial
24230	Microbial
24263	Microbial
24267	Microbial
24269	Microbial
24278	Microbial
24300	Microbial
24310	Microbial
24328	Microbial
24336	Microbial
24346	Microbial
24354	Microbial
24359	Microbial
24377	Microbial
24394	Microbial
24396	Microbial
24403	Microbial
24408	Microbial
24414	Microbial
24434	Microbial
24442	Microbial
24443	Microbial
24455	Microbial
24459	Microbial
24462	Microbial
24473	Microbial
24484	Microbial
24498	Microbial
24500	Microbial
24505	Microbial
24507	Microbial
24509	Microbial
24536	Microbial
24538	Microbial
24552	Microbial
24557	Microbial
24586	Microbial
24595	Microbial
24605	Microbial
24628	Microbial
24634	Microbial
24645	Microbial
24662	Microbial
24679	Microbial
24690	Microbial
24694	Microbial
24700	Microbial
24725	Microbial
24728	Microbial
24733	Microbial
24746	Microbial
24755	Microbial
2477	Microbial
24777	Microbial
24780	Microbial
24789	Microbial
24790	Microbial
24795	Microbial
24797	Microbial
24805	Microbial
24806	Microbial
24814	Microbial
24831	Microbial
24848	Microbial
2485	Microbial
24858	Microbial
2486	Microbial
24860	Microbial
24866	Microbial
24870	Microbial
24888	Microbial
24901	Microbial
24946	Microbial
24956	Microbial
24964	Microbial
24982	Microbial
24983	Microbial
2503	Microbial
25043	Microbial
25062	Microbial
25083	Microbial
25091	Microbial
25092	Microbial
25101	Microbial
25105	Microbial
25106	Microbial
25114	Microbial
25125	Microbial
25127	Microbial
25135	Microbial
25140	Microbial
25141	Microbial
25158	Microbial
25167	Microbial
25194	Microbial
25199	Microbial
25208	Microbial
25210	Microbial
25221	Microbial
25232	Microbial
25247	Microbial
25255	Microbial
25260	Microbial
25261	Microbial
25269	Microbial
25289	Microbial
25329	Microbial
25330	Microbial
25337	Microbial
25343	Microbial
25358	Microbial
25361	Microbial
25378	Microbial
25382	Microbial
25384	Microbial
25385	Microbial
25392	Microbial
25403	Microbial
25424	Microbial
25427	Microbial
25440	Microbial
25454	Microbial
25455	Microbial
25463	Microbial
25466	Microbial
25510	Microbial
25522	Microbial
25557	Microbial
25575	Microbial
25589	Microbial
25603	Microbial
25613	Microbial
25614	Microbial
25651	Microbial
25660	Microbial
25661	Microbial
25668	Microbial
25671	Microbial
25685	Microbial
25696	Microbial
25704	Microbial
25706	Microbial
25712	Microbial
25730	Microbial
25765	Microbial
25767	Microbial
25777	Microbial
25781	Microbial
25795	Microbial
25797	Microbial
25806	Microbial
25833	Microbial
25837	Microbial
25838	Microbial
25840	Microbial
25859	Microbial
25887	Microbial
25888	Microbial
25910	Microbial
25917	Microbial
25935	Microbial
25938	Microbial
25960	Microbial
25994	Microbial
25998	Microbial
26	Microbial
26034	Microbial
26061	Microbial
26069	Microbial
26075	Microbial
26100	Microbial
26105	Microbial
26110	Microbial
26123	Microbial
26142	Microbial
26147	Microbial
26152	Microbial
26164	Microbial
26185	Microbial
264	Microbial
2713	Microbial
2752	Microbial
2778	Microbial
2780	Microbial
2795	Microbial
280	Microbial
2811	Microbial
2817	Microbial
2818	Microbial
2898	Microbial
2929	Microbial
2930	Microbial
2931	Microbial
2937	Microbial
2966	Microbial
2968	Microbial
3005	Microbial
3011	Microbial
302	Microbial
3029	Microbial
303	Microbial
3045	Microbial
3072	Microbial
3147	Microbial
3161	Microbial
3183	Microbial
3221	Microbial
3298	Microbial
3361	Microbial
3366	Microbial
341	Microbial
3415	Microbial
3423	Microbial
3436	Microbial
3449	Microbial
3479	Microbial
3503	Microbial
3513	Microbial
3519	Microbial
3523	Microbial
3545	Microbial
359	Microbial
3645	Microbial
3659	Microbial
3711	Microbial
3714	Microbial
3719	Microbial
3762	Microbial
3790	Microbial
388	Microbial
4002	Microbial
4036	Microbial
4063	Microbial
409	Microbial
4120	Microbial
4198	Microbial
421	Microbial
422	Microbial
4224	Microbial
4242	Microbial
4257	Microbial
4290	Microbial
4378	Microbial
4385	Microbial
4451	Microbial
4469	Microbial
4502	Microbial
4606	Microbial
4620	Microbial
4654	Microbial
467	Microbial
4722	Microbial
4733	Microbial
4833	Microbial
4870	Microbial
4878	Microbial
4911	Microbial
496	Microbial
4971	Microbial
4989	Microbial
502	Microbial
505	Microbial
5100	Microbial
5182	Microbial
5185	Microbial
5186	Microbial
522	Microbial
5275	Microbial
5281	Microbial
5338	Microbial
5350	Microbial
5355	Microbial
54	Microbial
5415	Microbial
5444	Microbial
5459	Microbial
548	Microbial
5491	Microbial
5496	Microbial
5504	Microbial
5545	Microbial
5583	Microbial
5628	Microbial
5639	Microbial
5660	Microbial
5704	Microbial
5775	Microbial
5848	Microbial
5865	Microbial
588	Microbial
5907	Microbial
5958	Microbial
5976	Microbial
6001	Microbial
6012	Microbial
603	Microbial
6054	Microbial
612	Microbial
6189	Microbial
6221	Microbial
6238	Microbial
6275	Microbial
628	Microbial
6306	Microbial
6330	Microbial
6341	Microbial
6356	Microbial
6395	Microbial
6400	Microbial
6401	Microbial
646	Microbial
6488	Microbial
6489	Microbial
6516	Microbial
6522	Microbial
6529	Microbial
6535	Microbial
6542	Microbial
6559	Microbial
6572	Microbial
658	Microbial
6608	Microbial
6609	Microbial
6689	Microbial
6709	Microbial
6714	Microbial
675	Microbial
6754	Microbial
6769	Microbial
6797	Microbial
6806	Microbial
6828	Microbial
6836	Microbial
6876	Microbial
6877	Microbial
6888	Microbial
6900	Microbial
6926	Microbial
6932	Microbial
6939	Microbial
6945	Microbial
6948	Microbial
6976	Microbial
7018	Microbial
7019	Microbial
7024	Microbial
7028	Microbial
7033	Microbial
7079	Microbial
7080	Microbial
7081	Microbial
7082	Microbial
7097	Microbial
7098	Microbial
7101	Microbial
713	Microbial
7140	Microbial
7142	Microbial
7148	Microbial
7149	Microbial
7161	Microbial
7170	Microbial
7173	Microbial
7269	Microbial
7276	Microbial
7279	Microbial
7290	Microbial
7294	Microbial
7301	Microbial
7302	Microbial
7325	Microbial
7334	Microbial
7348	Microbial
7378	Microbial
7447	Microbial
7454	Microbial
7472	Microbial
7477	Microbial
7479	Microbial
7517	Microbial
7528	Microbial
7539	Microbial
7547	Microbial
7564	Microbial
7605	Microbial
762	Microbial
7622	Microbial
7642	Microbial
7647	Microbial
7666	Microbial
767	Microbial
7694	Microbial
7701	Microbial
7719	Microbial
7734	Microbial
7736	Microbial
7743	Microbial
778	Microbial
7784	Microbial
7788	Microbial
781	Microbial
7814	Microbial
7824	Microbial
7834	Microbial
7852	Microbial
787	Microbial
7874	Microbial
792	Microbial
7927	Microbial
7938	Microbial
796	Microbial
7966	Microbial
797	Microbial
7983	Microbial
8035	Microbial
8046	Microbial
806	Microbial
8064	Microbial
8069	Microbial
8077	Microbial
812	Microbial
8142	Microbial
8154	Microbial
816	Microbial
8171	Microbial
8185	Microbial
823	Microbial
8231	Microbial
8283	Microbial
831	Microbial
832	Microbial
8355	Microbial
8438	Microbial
8451	Microbial
8463	Microbial
8495	Microbial
8496	Microbial
8543	Microbial
8549	Microbial
855	Microbial
8557	Microbial
856	Microbial
8564	Microbial
8567	Microbial
8593	Microbial
8602	Microbial
8626	Microbial
8632	Microbial
8648	Microbial
8739	Microbial
8749	Microbial
877	Microbial
8806	Microbial
8808	Microbial
8818	Microbial
882	Microbial
8840	Microbial
8879	Microbial
8881	Microbial
8901	Microbial
8940	Microbial
8962	Microbial
901	Microbial
9014	Microbial
9195	Microbial
9267	Microbial
932	Microbial
9387	Microbial
941	Microbial
9451	Microbial
9533	Microbial
956	Microbial
958	Microbial
963	Microbial
9651	Microbial
9720	Microbial
973	Microbial
9731	Microbial
974	Microbial
9747	Microbial
9808	Microbial
9820	Microbial
9843	Microbial
992	Microbial
9995	Microbial
9996	Microbial
1182	Human_cell_line
1240	Human_cell_line
15810	Human_cell_line
15936	Human_cell_line
17699	Human_cell_line
22450	Human_cell_line
22497	Human_cell_line
22530	Human_cell_line
23316	Human_cell_line
23920	Human_cell_line
24350	Human_cell_line
24710	Human_cell_line
3270	Human_cell_line
3535	Human_cell_line
3773	Human_cell_line
381	Human_cell_line
5569	Human_cell_line
6993	Human_cell_line
1078	PCP
12393	PCP
12470	PCP
12481	PCP
1279	PCP
15178	PCP
1617	PCP
1619	PCP
16778	PCP
17813	PCP
18380	PCP
18383	PCP
18878	PCP
2033	PCP
20997	PCP
2111	PCP
2125	PCP
22350	PCP
2258	PCP
22781	PCP
23912	PCP
24143	PCP
24295	PCP
24380	PCP
24426	PCP
24661	PCP
24688	PCP
24803	PCP
24816	PCP
2493	PCP
24947	PCP
2554	PCP
25732	PCP
2725	PCP
2732	PCP
2941	PCP
299	PCP
3156	PCP
3172	PCP
3570	PCP
3574	PCP
3922	PCP
3929	PCP
4284	PCP
4841	PCP
5620	PCP
6549	PCP
6646	PCP
7876	PCP
8085	PCP
879	PCP
9291	PCP
10004	Blank_QC
10033	Blank_QC
10041	Blank_QC
10074	Blank_QC
10175	Blank_QC
10196	Blank_QC
1021	Blank_QC
10226	Blank_QC
10238	Blank_QC
10241	Blank_QC
10248	Blank_QC
10256	Blank_QC
10272	Blank_QC
10313	Blank_QC
10328	Blank_QC
10329	Blank_QC
1033	Blank_QC
10336	Blank_QC
10360	Blank_QC
10392	Blank_QC
104	Blank_QC
10413	Blank_QC
10423	Blank_QC
1045	Blank_QC
1047	Blank_QC
10474	Blank_QC
10487	Blank_QC
10503	Blank_QC
10517	Blank_QC
10543	Blank_QC
10581	Blank_QC
10582	Blank_QC
10626	Blank_QC
10639	Blank_QC
10652	Blank_QC
10668	Blank_QC
10670	Blank_QC
10716	Blank_QC
10721	Blank_QC
10729	Blank_QC
10730	Blank_QC
10779	Blank_QC
10781	Blank_QC
10787	Blank_QC
10790	Blank_QC
10837	Blank_QC
10853	Blank_QC
10857	Blank_QC
10859	Blank_QC
10860	Blank_QC
10885	Blank_QC
10920	Blank_QC
10923	Blank_QC
10925	Blank_QC
10979	Blank_QC
1099	Blank_QC
11015	Blank_QC
11052	Blank_QC
11119	Blank_QC
11126	Blank_QC
1117	Blank_QC
11173	Blank_QC
1118	Blank_QC
11200	Blank_QC
1124	Blank_QC
1126	Blank_QC
11303	Blank_QC
11318	Blank_QC
11354	Blank_QC
11369	Blank_QC
11371	Blank_QC
11377	Blank_QC
1140	Blank_QC
1141	Blank_QC
11410	Blank_QC
11494	Blank_QC
11517	Blank_QC
1152	Blank_QC
11539	Blank_QC
11583	Blank_QC
11585	Blank_QC
11641	Blank_QC
11672	Blank_QC
11734	Blank_QC
11774	Blank_QC
11782	Blank_QC
11795	Blank_QC
11850	Blank_QC
1190	Blank_QC
11910	Blank_QC
11937	Blank_QC
12002	Blank_QC
12013	Blank_QC
12033	Blank_QC
12058	Blank_QC
12073	Blank_QC
12111	Blank_QC
12117	Blank_QC
12126	Blank_QC
12127	Blank_QC
1230	Blank_QC
12392	Blank_QC
12417	Blank_QC
12432	Blank_QC
12469	Blank_QC
12528	Blank_QC
12552	Blank_QC
12574	Blank_QC
12639	Blank_QC
12669	Blank_QC
12686	Blank_QC
12687	Blank_QC
12725	Blank_QC
12736	Blank_QC
1274	Blank_QC
12784	Blank_QC
12827	Blank_QC
12830	Blank_QC
12895	Blank_QC
12950	Blank_QC
12989	Blank_QC
13023	Blank_QC
13048	Blank_QC
13122	Blank_QC
13140	Blank_QC
1318	Blank_QC
1320	Blank_QC
13270	Blank_QC
13313	Blank_QC
13315	Blank_QC
1332	Blank_QC
13339	Blank_QC
13407	Blank_QC
13439	Blank_QC
1344	Blank_QC
13456	Blank_QC
13498	Blank_QC
13559	Blank_QC
13586	Blank_QC
1361	Blank_QC
13618	Blank_QC
1364	Blank_QC
13663	Blank_QC
13682	Blank_QC
13768	Blank_QC
1383	Blank_QC
13839	Blank_QC
13840	Blank_QC
13841	Blank_QC
13848	Blank_QC
13851	Blank_QC
13885	Blank_QC
13909	Blank_QC
13941	Blank_QC
13987	Blank_QC
14021	Blank_QC
14038	Blank_QC
1405	Blank_QC
14060	Blank_QC
14075	Blank_QC
14112	Blank_QC
14128	Blank_QC
14145	Blank_QC
1418	Blank_QC
14212	Blank_QC
14228	Blank_QC
14240	Blank_QC
1425	Blank_QC
14258	Blank_QC
1426	Blank_QC
14281	Blank_QC
14285	Blank_QC
14301	Blank_QC
14361	Blank_QC
14362	Blank_QC
14376	Blank_QC
14417	Blank_QC
1443	Blank_QC
1445	Blank_QC
14489	Blank_QC
14513	Blank_QC
14515	Blank_QC
1456	Blank_QC
14599	Blank_QC
14627	Blank_QC
14629	Blank_QC
14715	Blank_QC
14798	Blank_QC
14961	Blank_QC
14980	Blank_QC
15080	Blank_QC
15093	Blank_QC
15137	Blank_QC
15143	Blank_QC
15147	Blank_QC
15158	Blank_QC
15180	Blank_QC
15186	Blank_QC
15191	Blank_QC
15196	Blank_QC
15205	Blank_QC
15207	Blank_QC
1521	Blank_QC
15212	Blank_QC
15247	Blank_QC
15286	Blank_QC
15291	Blank_QC
15297	Blank_QC
15345	Blank_QC
15381	Blank_QC
1539	Blank_QC
1545	Blank_QC
15475	Blank_QC
15489	Blank_QC
15492	Blank_QC
15506	Blank_QC
1554	Blank_QC
15544	Blank_QC
15559	Blank_QC
15576	Blank_QC
15617	Blank_QC
15672	Blank_QC
15747	Blank_QC
15757	Blank_QC
15762	Blank_QC
15777	Blank_QC
15805	Blank_QC
15831	Blank_QC
15836	Blank_QC
1592	Blank_QC
15929	Blank_QC
15930	Blank_QC
15946	Blank_QC
15950	Blank_QC
16	Blank_QC
1604	Blank_QC
1609	Blank_QC
1613	Blank_QC
16160	Blank_QC
16178	Blank_QC
16192	Blank_QC
16201	Blank_QC
16246	Blank_QC
16267	Blank_QC
16338	Blank_QC
16346	Blank_QC
16385	Blank_QC
16388	Blank_QC
16398	Blank_QC
16435	Blank_QC
16445	Blank_QC
16455	Blank_QC
16484	Blank_QC
16491	Blank_QC
16497	Blank_QC
16500	Blank_QC
16517	Blank_QC
1652	Blank_QC
16527	Blank_QC
16529	Blank_QC
16530	Blank_QC
16538	Blank_QC
16552	Blank_QC
16558	Blank_QC
16561	Blank_QC
16563	Blank_QC
16573	Blank_QC
16601	Blank_QC
16629	Blank_QC
16645	Blank_QC
16659	Blank_QC
16665	Blank_QC
16668	Blank_QC
16671	Blank_QC
16704	Blank_QC
16714	Blank_QC
16716	Blank_QC
1672	Blank_QC
16722	Blank_QC
16728	Blank_QC
16732	Blank_QC
16733	Blank_QC
16797	Blank_QC
16819	Blank_QC
16824	Blank_QC
16826	Blank_QC
16861	Blank_QC
16866	Blank_QC
16869	Blank_QC
16923	Blank_QC
16938	Blank_QC
16942	Blank_QC
17010	Blank_QC
17071	Blank_QC
17079	Blank_QC
17135	Blank_QC
17218	Blank_QC
17226	Blank_QC
17241	Blank_QC
17257	Blank_QC
17298	Blank_QC
17299	Blank_QC
1730	Blank_QC
17340	Blank_QC
1735	Blank_QC
17359	Blank_QC
17427	Blank_QC
17435	Blank_QC
17464	Blank_QC
17475	Blank_QC
17506	Blank_QC
17530	Blank_QC
17548	Blank_QC
17581	Blank_QC
17591	Blank_QC
17595	Blank_QC
17609	Blank_QC
17619	Blank_QC
17621	Blank_QC
17623	Blank_QC
17636	Blank_QC
17655	Blank_QC
17661	Blank_QC
17675	Blank_QC
17679	Blank_QC
17685	Blank_QC
17687	Blank_QC
17698	Blank_QC
17716	Blank_QC
17717	Blank_QC
17719	Blank_QC
17722	Blank_QC
17735	Blank_QC
17751	Blank_QC
17763	Blank_QC
17765	Blank_QC
17772	Blank_QC
17773	Blank_QC
17776	Blank_QC
17781	Blank_QC
17782	Blank_QC
17814	Blank_QC
17818	Blank_QC
17823	Blank_QC
17826	Blank_QC
17832	Blank_QC
17836	Blank_QC
17852	Blank_QC
17858	Blank_QC
17859	Blank_QC
1786	Blank_QC
17881	Blank_QC
17885	Blank_QC
17887	Blank_QC
17895	Blank_QC
17903	Blank_QC
17905	Blank_QC
17908	Blank_QC
17922	Blank_QC
17924	Blank_QC
1795	Blank_QC
17961	Blank_QC
17964	Blank_QC
1798	Blank_QC
17988	Blank_QC
18003	Blank_QC
18035	Blank_QC
18052	Blank_QC
18068	Blank_QC
18070	Blank_QC
18073	Blank_QC
18090	Blank_QC
18095	Blank_QC
18096	Blank_QC
18099	Blank_QC
18115	Blank_QC
1812	Blank_QC
18126	Blank_QC
18133	Blank_QC
18140	Blank_QC
18150	Blank_QC
18155	Blank_QC
18167	Blank_QC
1818	Blank_QC
18224	Blank_QC
18229	Blank_QC
18230	Blank_QC
18237	Blank_QC
18252	Blank_QC
18255	Blank_QC
18259	Blank_QC
18260	Blank_QC
18277	Blank_QC
18300	Blank_QC
18304	Blank_QC
18321	Blank_QC
18335	Blank_QC
18338	Blank_QC
18354	Blank_QC
1838	Blank_QC
18381	Blank_QC
18391	Blank_QC
18402	Blank_QC
18417	Blank_QC
18422	Blank_QC
18424	Blank_QC
18431	Blank_QC
18439	Blank_QC
18470	Blank_QC
18472	Blank_QC
18480	Blank_QC
18485	Blank_QC
18502	Blank_QC
18531	Blank_QC
18539	Blank_QC
18542	Blank_QC
18544	Blank_QC
18545	Blank_QC
18549	Blank_QC
18553	Blank_QC
18556	Blank_QC
18557	Blank_QC
18590	Blank_QC
18593	Blank_QC
18601	Blank_QC
18622	Blank_QC
18628	Blank_QC
18671	Blank_QC
18675	Blank_QC
18738	Blank_QC
18752	Blank_QC
18767	Blank_QC
18793	Blank_QC
18852	Blank_QC
18861	Blank_QC
18874	Blank_QC
18881	Blank_QC
18895	Blank_QC
18896	Blank_QC
18913	Blank_QC
18914	Blank_QC
18928	Blank_QC
18930	Blank_QC
18954	Blank_QC
18970	Blank_QC
18978	Blank_QC
19006	Blank_QC
19012	Blank_QC
19042	Blank_QC
19047	Blank_QC
19065	Blank_QC
19075	Blank_QC
19078	Blank_QC
19081	Blank_QC
19085	Blank_QC
19110	Blank_QC
19111	Blank_QC
19118	Blank_QC
19129	Blank_QC
19134	Blank_QC
19136	Blank_QC
19150	Blank_QC
19152	Blank_QC
19161	Blank_QC
19191	Blank_QC
19213	Blank_QC
19222	Blank_QC
19229	Blank_QC
19258	Blank_QC
19260	Blank_QC
19268	Blank_QC
19290	Blank_QC
19293	Blank_QC
19296	Blank_QC
19305	Blank_QC
19307	Blank_QC
19334	Blank_QC
19353	Blank_QC
19359	Blank_QC
1936	Blank_QC
19378	Blank_QC
19382	Blank_QC
19394	Blank_QC
19416	Blank_QC
19423	Blank_QC
19429	Blank_QC
1943	Blank_QC
19437	Blank_QC
19459	Blank_QC
19466	Blank_QC
19470	Blank_QC
19496	Blank_QC
19503	Blank_QC
19508	Blank_QC
19516	Blank_QC
19517	Blank_QC
19518	Blank_QC
19521	Blank_QC
19525	Blank_QC
19538	Blank_QC
19559	Blank_QC
19570	Blank_QC
19571	Blank_QC
19574	Blank_QC
19575	Blank_QC
19580	Blank_QC
19583	Blank_QC
19586	Blank_QC
19590	Blank_QC
19595	Blank_QC
19597	Blank_QC
19601	Blank_QC
19613	Blank_QC
19615	Blank_QC
1964	Blank_QC
19655	Blank_QC
19660	Blank_QC
19663	Blank_QC
19666	Blank_QC
19692	Blank_QC
19709	Blank_QC
19714	Blank_QC
19728	Blank_QC
19730	Blank_QC
19732	Blank_QC
19734	Blank_QC
19740	Blank_QC
19749	Blank_QC
19750	Blank_QC
19751	Blank_QC
19761	Blank_QC
19814	Blank_QC
19816	Blank_QC
19844	Blank_QC
19850	Blank_QC
19871	Blank_QC
19887	Blank_QC
19891	Blank_QC
19919	Blank_QC
1992	Blank_QC
19925	Blank_QC
19963	Blank_QC
19980	Blank_QC
19988	Blank_QC
19990	Blank_QC
20	Blank_QC
20032	Blank_QC
20034	Blank_QC
20055	Blank_QC
20082	Blank_QC
20098	Blank_QC
20110	Blank_QC
20111	Blank_QC
20112	Blank_QC
20113	Blank_QC
20178	Blank_QC
20179	Blank_QC
20205	Blank_QC
20264	Blank_QC
20280	Blank_QC
20291	Blank_QC
20296	Blank_QC
2031	Blank_QC
20314	Blank_QC
20315	Blank_QC
20317	Blank_QC
20344	Blank_QC
20345	Blank_QC
20370	Blank_QC
20383	Blank_QC
20423	Blank_QC
20455	Blank_QC
20456	Blank_QC
20468	Blank_QC
20483	Blank_QC
20492	Blank_QC
20507	Blank_QC
20508	Blank_QC
20527	Blank_QC
20535	Blank_QC
20577	Blank_QC
20591	Blank_QC
20595	Blank_QC
20599	Blank_QC
20604	Blank_QC
20619	Blank_QC
20666	Blank_QC
20686	Blank_QC
20700	Blank_QC
20719	Blank_QC
20724	Blank_QC
20734	Blank_QC
20777	Blank_QC
20790	Blank_QC
20796	Blank_QC
20810	Blank_QC
20820	Blank_QC
20834	Blank_QC
20847	Blank_QC
20858	Blank_QC
20890	Blank_QC
20895	Blank_QC
20906	Blank_QC
20915	Blank_QC
20929	Blank_QC
20968	Blank_QC
20974	Blank_QC
21033	Blank_QC
21063	Blank_QC
21068	Blank_QC
21070	Blank_QC
21087	Blank_QC
21122	Blank_QC
21125	Blank_QC
21156	Blank_QC
21161	Blank_QC
21173	Blank_QC
21177	Blank_QC
21185	Blank_QC
21194	Blank_QC
21201	Blank_QC
21202	Blank_QC
21211	Blank_QC
21237	Blank_QC
21247	Blank_QC
2126	Blank_QC
21274	Blank_QC
21288	Blank_QC
21294	Blank_QC
21299	Blank_QC
21303	Blank_QC
21315	Blank_QC
21331	Blank_QC
21351	Blank_QC
21369	Blank_QC
21392	Blank_QC
21400	Blank_QC
21437	Blank_QC
21449	Blank_QC
21467	Blank_QC
21480	Blank_QC
21499	Blank_QC
2150	Blank_QC
21502	Blank_QC
21509	Blank_QC
21523	Blank_QC
21537	Blank_QC
21555	Blank_QC
21558	Blank_QC
21576	Blank_QC
21595	Blank_QC
21608	Blank_QC
21611	Blank_QC
21615	Blank_QC
21617	Blank_QC
21644	Blank_QC
21648	Blank_QC
21661	Blank_QC
21662	Blank_QC
21665	Blank_QC
21668	Blank_QC
21691	Blank_QC
21694	Blank_QC
21703	Blank_QC
21723	Blank_QC
21724	Blank_QC
21727	Blank_QC
21728	Blank_QC
21729	Blank_QC
21730	Blank_QC
21737	Blank_QC
21742	Blank_QC
21751	Blank_QC
21753	Blank_QC
21771	Blank_QC
21790	Blank_QC
21799	Blank_QC
21823	Blank_QC
21828	Blank_QC
21837	Blank_QC
21860	Blank_QC
21864	Blank_QC
21887	Blank_QC
21911	Blank_QC
21918	Blank_QC
21929	Blank_QC
21933	Blank_QC
21950	Blank_QC
21954	Blank_QC
21960	Blank_QC
21973	Blank_QC
21988	Blank_QC
2199	Blank_QC
22025	Blank_QC
22053	Blank_QC
22064	Blank_QC
22068	Blank_QC
22071	Blank_QC
22097	Blank_QC
22145	Blank_QC
22148	Blank_QC
22154	Blank_QC
22184	Blank_QC
22210	Blank_QC
22223	Blank_QC
22226	Blank_QC
22238	Blank_QC
22269	Blank_QC
22297	Blank_QC
22306	Blank_QC
22328	Blank_QC
22341	Blank_QC
22357	Blank_QC
22363	Blank_QC
22391	Blank_QC
22406	Blank_QC
22423	Blank_QC
22470	Blank_QC
22471	Blank_QC
22473	Blank_QC
22482	Blank_QC
22499	Blank_QC
2256	Blank_QC
22561	Blank_QC
22590	Blank_QC
22619	Blank_QC
22636	Blank_QC
22700	Blank_QC
22723	Blank_QC
22747	Blank_QC
2275	Blank_QC
22773	Blank_QC
22774	Blank_QC
22788	Blank_QC
22797	Blank_QC
22808	Blank_QC
22859	Blank_QC
22891	Blank_QC
22896	Blank_QC
22903	Blank_QC
22906	Blank_QC
22920	Blank_QC
22937	Blank_QC
22950	Blank_QC
2296	Blank_QC
22966	Blank_QC
23	Blank_QC
23000	Blank_QC
23025	Blank_QC
23047	Blank_QC
23058	Blank_QC
23099	Blank_QC
23113	Blank_QC
23128	Blank_QC
23130	Blank_QC
23153	Blank_QC
23156	Blank_QC
23180	Blank_QC
23202	Blank_QC
23211	Blank_QC
23217	Blank_QC
2327	Blank_QC
23308	Blank_QC
23328	Blank_QC
23368	Blank_QC
2338	Blank_QC
23380	Blank_QC
23410	Blank_QC
23414	Blank_QC
23420	Blank_QC
23421	Blank_QC
23432	Blank_QC
23433	Blank_QC
23438	Blank_QC
23441	Blank_QC
23451	Blank_QC
23456	Blank_QC
23465	Blank_QC
23473	Blank_QC
23483	Blank_QC
23508	Blank_QC
23509	Blank_QC
23511	Blank_QC
23516	Blank_QC
23521	Blank_QC
23535	Blank_QC
23549	Blank_QC
23563	Blank_QC
23566	Blank_QC
23568	Blank_QC
23573	Blank_QC
23579	Blank_QC
23581	Blank_QC
23584	Blank_QC
23597	Blank_QC
23599	Blank_QC
23604	Blank_QC
23606	Blank_QC
23618	Blank_QC
23623	Blank_QC
23625	Blank_QC
23627	Blank_QC
23634	Blank_QC
23639	Blank_QC
23642	Blank_QC
23652	Blank_QC
23655	Blank_QC
23657	Blank_QC
23659	Blank_QC
23661	Blank_QC
23663	Blank_QC
23664	Blank_QC
23665	Blank_QC
23666	Blank_QC
23668	Blank_QC
23671	Blank_QC
23673	Blank_QC
23681	Blank_QC
23683	Blank_QC
23688	Blank_QC
23699	Blank_QC
23700	Blank_QC
23706	Blank_QC
23707	Blank_QC
23727	Blank_QC
23740	Blank_QC
23745	Blank_QC
23746	Blank_QC
23750	Blank_QC
23759	Blank_QC
23763	Blank_QC
23764	Blank_QC
23782	Blank_QC
23802	Blank_QC
23807	Blank_QC
23810	Blank_QC
23812	Blank_QC
23817	Blank_QC
23824	Blank_QC
23831	Blank_QC
23834	Blank_QC
23839	Blank_QC
23847	Blank_QC
23864	Blank_QC
23867	Blank_QC
23869	Blank_QC
23878	Blank_QC
23883	Blank_QC
23906	Blank_QC
23914	Blank_QC
23924	Blank_QC
23930	Blank_QC
23931	Blank_QC
23932	Blank_QC
23949	Blank_QC
23961	Blank_QC
2398	Blank_QC
23996	Blank_QC
23997	Blank_QC
24007	Blank_QC
24010	Blank_QC
24017	Blank_QC
2402	Blank_QC
24026	Blank_QC
24036	Blank_QC
24040	Blank_QC
24057	Blank_QC
24063	Blank_QC
24069	Blank_QC
24088	Blank_QC
24098	Blank_QC
24111	Blank_QC
24119	Blank_QC
24127	Blank_QC
24129	Blank_QC
24139	Blank_QC
24140	Blank_QC
24146	Blank_QC
24149	Blank_QC
24154	Blank_QC
24160	Blank_QC
24162	Blank_QC
24185	Blank_QC
24188	Blank_QC
242	Blank_QC
24205	Blank_QC
24227	Blank_QC
24231	Blank_QC
24236	Blank_QC
24244	Blank_QC
24266	Blank_QC
24291	Blank_QC
24296	Blank_QC
24302	Blank_QC
24303	Blank_QC
24304	Blank_QC
24311	Blank_QC
24314	Blank_QC
24319	Blank_QC
24326	Blank_QC
24332	Blank_QC
24339	Blank_QC
24347	Blank_QC
24353	Blank_QC
24360	Blank_QC
24365	Blank_QC
24366	Blank_QC
24367	Blank_QC
2437	Blank_QC
24371	Blank_QC
24379	Blank_QC
2438	Blank_QC
24391	Blank_QC
24406	Blank_QC
24409	Blank_QC
24410	Blank_QC
24417	Blank_QC
24427	Blank_QC
24436	Blank_QC
24446	Blank_QC
24448	Blank_QC
24449	Blank_QC
24471	Blank_QC
24478	Blank_QC
2448	Blank_QC
24486	Blank_QC
24491	Blank_QC
24492	Blank_QC
2450	Blank_QC
24517	Blank_QC
24521	Blank_QC
24525	Blank_QC
24526	Blank_QC
24528	Blank_QC
24531	Blank_QC
24533	Blank_QC
24539	Blank_QC
24540	Blank_QC
24541	Blank_QC
24542	Blank_QC
24547	Blank_QC
24550	Blank_QC
24551	Blank_QC
24553	Blank_QC
24567	Blank_QC
24589	Blank_QC
24591	Blank_QC
24593	Blank_QC
24597	Blank_QC
2460	Blank_QC
24611	Blank_QC
24623	Blank_QC
24633	Blank_QC
24636	Blank_QC
24646	Blank_QC
24650	Blank_QC
24657	Blank_QC
24660	Blank_QC
24683	Blank_QC
24689	Blank_QC
24702	Blank_QC
24703	Blank_QC
24704	Blank_QC
24716	Blank_QC
24719	Blank_QC
24724	Blank_QC
24734	Blank_QC
24747	Blank_QC
24765	Blank_QC
24771	Blank_QC
24785	Blank_QC
24787	Blank_QC
24798	Blank_QC
248	Blank_QC
2480	Blank_QC
24809	Blank_QC
24810	Blank_QC
24817	Blank_QC
24820	Blank_QC
24824	Blank_QC
24828	Blank_QC
24829	Blank_QC
24862	Blank_QC
24895	Blank_QC
24897	Blank_QC
24898	Blank_QC
249	Blank_QC
24917	Blank_QC
24919	Blank_QC
24934	Blank_QC
24935	Blank_QC
24944	Blank_QC
24976	Blank_QC
25002	Blank_QC
25027	Blank_QC
25029	Blank_QC
25031	Blank_QC
25033	Blank_QC
25035	Blank_QC
25039	Blank_QC
25042	Blank_QC
25049	Blank_QC
25051	Blank_QC
25054	Blank_QC
25055	Blank_QC
2506	Blank_QC
25063	Blank_QC
25065	Blank_QC
25068	Blank_QC
25076	Blank_QC
25078	Blank_QC
25088	Blank_QC
25099	Blank_QC
25103	Blank_QC
25107	Blank_QC
25132	Blank_QC
25133	Blank_QC
25136	Blank_QC
25151	Blank_QC
25168	Blank_QC
25220	Blank_QC
25233	Blank_QC
25240	Blank_QC
25242	Blank_QC
25246	Blank_QC
25254	Blank_QC
25258	Blank_QC
25262	Blank_QC
25263	Blank_QC
25302	Blank_QC
25305	Blank_QC
25307	Blank_QC
25346	Blank_QC
25351	Blank_QC
25364	Blank_QC
25373	Blank_QC
25377	Blank_QC
25390	Blank_QC
25418	Blank_QC
25430	Blank_QC
25434	Blank_QC
25436	Blank_QC
25437	Blank_QC
25460	Blank_QC
25462	Blank_QC
25468	Blank_QC
25473	Blank_QC
25480	Blank_QC
25488	Blank_QC
25490	Blank_QC
25497	Blank_QC
25501	Blank_QC
25502	Blank_QC
25504	Blank_QC
25515	Blank_QC
25518	Blank_QC
25533	Blank_QC
25536	Blank_QC
25540	Blank_QC
25544	Blank_QC
25545	Blank_QC
25548	Blank_QC
25568	Blank_QC
2557	Blank_QC
25579	Blank_QC
25590	Blank_QC
25601	Blank_QC
25618	Blank_QC
25626	Blank_QC
25630	Blank_QC
25636	Blank_QC
25650	Blank_QC
25657	Blank_QC
25663	Blank_QC
25678	Blank_QC
25682	Blank_QC
25698	Blank_QC
2571	Blank_QC
25713	Blank_QC
25717	Blank_QC
25723	Blank_QC
25727	Blank_QC
25734	Blank_QC
25743	Blank_QC
25747	Blank_QC
25750	Blank_QC
25752	Blank_QC
2576	Blank_QC
25761	Blank_QC
2577	Blank_QC
25792	Blank_QC
2580	Blank_QC
25821	Blank_QC
25827	Blank_QC
25834	Blank_QC
25847	Blank_QC
25858	Blank_QC
25871	Blank_QC
25872	Blank_QC
25903	Blank_QC
25930	Blank_QC
25939	Blank_QC
25942	Blank_QC
25944	Blank_QC
25951	Blank_QC
26019	Blank_QC
2602	Blank_QC
26022	Blank_QC
26026	Blank_QC
26035	Blank_QC
26037	Blank_QC
26042	Blank_QC
26047	Blank_QC
26049	Blank_QC
26051	Blank_QC
26062	Blank_QC
26076	Blank_QC
26090	Blank_QC
26091	Blank_QC
26095	Blank_QC
26106	Blank_QC
26126	Blank_QC
26127	Blank_QC
26140	Blank_QC
26149	Blank_QC
26150	Blank_QC
26154	Blank_QC
26156	Blank_QC
26167	Blank_QC
26168	Blank_QC
26183	Blank_QC
26193	Blank_QC
26198	Blank_QC
26201	Blank_QC
26210	Blank_QC
26212	Blank_QC
2623	Blank_QC
2655	Blank_QC
2684	Blank_QC
2688	Blank_QC
2716	Blank_QC
2720	Blank_QC
2721	Blank_QC
2758	Blank_QC
2763	Blank_QC
2774	Blank_QC
2789	Blank_QC
2798	Blank_QC
2823	Blank_QC
2869	Blank_QC
287	Blank_QC
2871	Blank_QC
2947	Blank_QC
2961	Blank_QC
2989	Blank_QC
3026	Blank_QC
3058	Blank_QC
3066	Blank_QC
3067	Blank_QC
3075	Blank_QC
3091	Blank_QC
3123	Blank_QC
3150	Blank_QC
3152	Blank_QC
317	Blank_QC
3190	Blank_QC
3266	Blank_QC
3275	Blank_QC
3278	Blank_QC
3331	Blank_QC
3346	Blank_QC
3390	Blank_QC
3417	Blank_QC
3439	Blank_QC
3457	Blank_QC
3467	Blank_QC
3468	Blank_QC
3475	Blank_QC
3483	Blank_QC
3524	Blank_QC
3538	Blank_QC
3559	Blank_QC
3565	Blank_QC
3571	Blank_QC
3578	Blank_QC
3636	Blank_QC
3673	Blank_QC
3710	Blank_QC
3752	Blank_QC
3815	Blank_QC
3820	Blank_QC
3821	Blank_QC
3833	Blank_QC
3835	Blank_QC
3912	Blank_QC
3944	Blank_QC
4004	Blank_QC
4011	Blank_QC
4013	Blank_QC
4019	Blank_QC
4103	Blank_QC
4137	Blank_QC
4145	Blank_QC
4151	Blank_QC
4160	Blank_QC
418	Blank_QC
4192	Blank_QC
4201	Blank_QC
4211	Blank_QC
4222	Blank_QC
4279	Blank_QC
4281	Blank_QC
4356	Blank_QC
4359	Blank_QC
4367	Blank_QC
4408	Blank_QC
4412	Blank_QC
4436	Blank_QC
4445	Blank_QC
4473	Blank_QC
449	Blank_QC
4499	Blank_QC
4511	Blank_QC
4515	Blank_QC
4543	Blank_QC
4553	Blank_QC
457	Blank_QC
4576	Blank_QC
4591	Blank_QC
4609	Blank_QC
461	Blank_QC
4670	Blank_QC
4677	Blank_QC
4693	Blank_QC
4731	Blank_QC
4739	Blank_QC
4806	Blank_QC
4818	Blank_QC
4827	Blank_QC
4856	Blank_QC
4884	Blank_QC
4912	Blank_QC
4915	Blank_QC
4933	Blank_QC
4938	Blank_QC
4961	Blank_QC
4981	Blank_QC
4983	Blank_QC
5009	Blank_QC
5037	Blank_QC
5046	Blank_QC
5054	Blank_QC
5055	Blank_QC
5065	Blank_QC
5069	Blank_QC
5078	Blank_QC
5086	Blank_QC
5090	Blank_QC
5093	Blank_QC
5107	Blank_QC
5120	Blank_QC
5125	Blank_QC
5127	Blank_QC
5161	Blank_QC
5163	Blank_QC
5164	Blank_QC
5165	Blank_QC
5170	Blank_QC
5198	Blank_QC
5238	Blank_QC
5239	Blank_QC
5293	Blank_QC
5296	Blank_QC
5307	Blank_QC
5311	Blank_QC
5380	Blank_QC
5382	Blank_QC
544	Blank_QC
5443	Blank_QC
5445	Blank_QC
5471	Blank_QC
5473	Blank_QC
5497	Blank_QC
5503	Blank_QC
5526	Blank_QC
5538	Blank_QC
5592	Blank_QC
5602	Blank_QC
5607	Blank_QC
5609	Blank_QC
5726	Blank_QC
5758	Blank_QC
5778	Blank_QC
5847	Blank_QC
5850	Blank_QC
5854	Blank_QC
586	Blank_QC
5869	Blank_QC
5896	Blank_QC
591	Blank_QC
5926	Blank_QC
5957	Blank_QC
5984	Blank_QC
5990	Blank_QC
5994	Blank_QC
5999	Blank_QC
6007	Blank_QC
6048	Blank_QC
6052	Blank_QC
6072	Blank_QC
6089	Blank_QC
6130	Blank_QC
6190	Blank_QC
6194	Blank_QC
6210	Blank_QC
6253	Blank_QC
6258	Blank_QC
6292	Blank_QC
6297	Blank_QC
6299	Blank_QC
6357	Blank_QC
6374	Blank_QC
6425	Blank_QC
6471	Blank_QC
6493	Blank_QC
6495	Blank_QC
6607	Blank_QC
6610	Blank_QC
6632	Blank_QC
6636	Blank_QC
6666	Blank_QC
6667	Blank_QC
6703	Blank_QC
6725	Blank_QC
6764	Blank_QC
6773	Blank_QC
6777	Blank_QC
6805	Blank_QC
6809	Blank_QC
6821	Blank_QC
6830	Blank_QC
6835	Blank_QC
6843	Blank_QC
6862	Blank_QC
6869	Blank_QC
6873	Blank_QC
6880	Blank_QC
6898	Blank_QC
6901	Blank_QC
6931	Blank_QC
6938	Blank_QC
6947	Blank_QC
6949	Blank_QC
6958	Blank_QC
6974	Blank_QC
698	Blank_QC
6987	Blank_QC
6991	Blank_QC
6997	Blank_QC
7000	Blank_QC
7010	Blank_QC
7020	Blank_QC
7036	Blank_QC
7065	Blank_QC
7066	Blank_QC
7078	Blank_QC
7090	Blank_QC
7130	Blank_QC
7134	Blank_QC
7137	Blank_QC
7181	Blank_QC
7242	Blank_QC
7249	Blank_QC
7250	Blank_QC
726	Blank_QC
7277	Blank_QC
7303	Blank_QC
7317	Blank_QC
7368	Blank_QC
7370	Blank_QC
7375	Blank_QC
7376	Blank_QC
7474	Blank_QC
7492	Blank_QC
7503	Blank_QC
7504	Blank_QC
7518	Blank_QC
7548	Blank_QC
7595	Blank_QC
760	Blank_QC
7612	Blank_QC
7614	Blank_QC
7615	Blank_QC
7620	Blank_QC
765	Blank_QC
7658	Blank_QC
7672	Blank_QC
768	Blank_QC
7689	Blank_QC
7735	Blank_QC
7756	Blank_QC
776	Blank_QC
7763	Blank_QC
7813	Blank_QC
7817	Blank_QC
7818	Blank_QC
7821	Blank_QC
7888	Blank_QC
7934	Blank_QC
7936	Blank_QC
7948	Blank_QC
8016	Blank_QC
8031	Blank_QC
8034	Blank_QC
8041	Blank_QC
8083	Blank_QC
8136	Blank_QC
8143	Blank_QC
8158	Blank_QC
8164	Blank_QC
8209	Blank_QC
8235	Blank_QC
8252	Blank_QC
8253	Blank_QC
8256	Blank_QC
8316	Blank_QC
8343	Blank_QC
8371	Blank_QC
8383	Blank_QC
8437	Blank_QC
844	Blank_QC
8508	Blank_QC
8538	Blank_QC
8542	Blank_QC
8546	Blank_QC
8599	Blank_QC
8601	Blank_QC
8604	Blank_QC
8645	Blank_QC
8673	Blank_QC
8683	Blank_QC
8691	Blank_QC
870	Blank_QC
874	Blank_QC
8744	Blank_QC
875	Blank_QC
878	Blank_QC
8791	Blank_QC
8825	Blank_QC
8844	Blank_QC
8845	Blank_QC
8848	Blank_QC
8886	Blank_QC
8898	Blank_QC
8974	Blank_QC
8980	Blank_QC
9022	Blank_QC
9053	Blank_QC
9065	Blank_QC
9067	Blank_QC
909	Blank_QC
9115	Blank_QC
9117	Blank_QC
9118	Blank_QC
9140	Blank_QC
9164	Blank_QC
9165	Blank_QC
9197	Blank_QC
9209	Blank_QC
9219	Blank_QC
9234	Blank_QC
9241	Blank_QC
9260	Blank_QC
9269	Blank_QC
929	Blank_QC
9317	Blank_QC
9376	Blank_QC
939	Blank_QC
9416	Blank_QC
942	Blank_QC
9440	Blank_QC
9455	Blank_QC
9456	Blank_QC
952	Blank_QC
9529	Blank_QC
9574	Blank_QC
9611	Blank_QC
9615	Blank_QC
9734	Blank_QC
9803	Blank_QC
9867	Blank_QC
9875	Blank_QC
988	Blank_QC
9895	Blank_QC
9969	Blank_QC
9970	Blank_QC
9994	Blank_QC
10147	Multiple
1031	Multiple
10345	Multiple
10774	Multiple
1085	Multiple
10862	Multiple
11074	Multiple
11116	Multiple
11597	Multiple
11749	Multiple
11953	Multiple
12036	Multiple
12046	Multiple
12404	Multiple
1244	Multiple
12459	Multiple
12551	Multiple
1260	Multiple
12636	Multiple
12833	Multiple
12914	Multiple
12920	Multiple
1293	Multiple
1375	Multiple
13780	Multiple
13789	Multiple
13919	Multiple
13967	Multiple
14007	Multiple
1401	Multiple
14087	Multiple
14209	Multiple
14243	Multiple
14339	Multiple
14565	Multiple
14587	Multiple
14655	Multiple
14784	Multiple
14964	Multiple
14975	Multiple
1502	Multiple
15040	Multiple
1506	Multiple
15173	Multiple
15314	Multiple
15377	Multiple
15444	Multiple
15519	Multiple
15620	Multiple
15668	Multiple
15820	Multiple
15865	Multiple
15922	Multiple
16134	Multiple
16179	Multiple
16202	Multiple
16282	Multiple
16664	Multiple
16696	Multiple
16814	Multiple
16955	Multiple
16959	Multiple
17	Multiple
17103	Multiple
17238	Multiple
17258	Multiple
17300	Multiple
17364	Multiple
17367	Multiple
17484	Multiple
17579	Multiple
17616	Multiple
17624	Multiple
17742	Multiple
17787	Multiple
178	Multiple
17834	Multiple
17882	Multiple
17883	Multiple
179	Multiple
18404	Multiple
1841	Multiple
18586	Multiple
18664	Multiple
1893	Multiple
1894	Multiple
19021	Multiple
19120	Multiple
19367	Multiple
1944	Multiple
19513	Multiple
19696	Multiple
20841	Multiple
20846	Multiple
20903	Multiple
21008	Multiple
21049	Multiple
21082	Multiple
21189	Multiple
21226	Multiple
21251	Multiple
21383	Multiple
21471	Multiple
21487	Multiple
21569	Multiple
21588	Multiple
21637	Multiple
22550	Multiple
2273	Multiple
22775	Multiple
22803	Multiple
2301	Multiple
23223	Multiple
23357	Multiple
23532	Multiple
2400	Multiple
24004	Multiple
2401	Multiple
2403	Multiple
24200	Multiple
24416	Multiple
2458	Multiple
24874	Multiple
24904	Multiple
25292	Multiple
25435	Multiple
25555	Multiple
25803	Multiple
25819	Multiple
26079	Multiple
26213	Multiple
2650	Multiple
2719	Multiple
2728	Multiple
2849	Multiple
2946	Multiple
2972	Multiple
3002	Multiple
3004	Multiple
311	Multiple
3126	Multiple
3160	Multiple
3259	Multiple
334	Multiple
3348	Multiple
3353	Multiple
3364	Multiple
3385	Multiple
3397	Multiple
3418	Multiple
3469	Multiple
3521	Multiple
3579	Multiple
3650	Multiple
3844	Multiple
3913	Multiple
3940	Multiple
3946	Multiple
3993	Multiple
4071	Multiple
4189	Multiple
4269	Multiple
4276	Multiple
429	Multiple
4380	Multiple
4500	Multiple
4644	Multiple
465	Multiple
4704	Multiple
4712	Multiple
4985	Multiple
5059	Multiple
5176	Multiple
5308	Multiple
5335	Multiple
5390	Multiple
5442	Multiple
5805	Multiple
6035	Multiple
611	Multiple
6191	Multiple
6349	Multiple
6460	Multiple
6463	Multiple
648	Multiple
6540	Multiple
6665	Multiple
6678	Multiple
6790	Multiple
682	Multiple
6867	Multiple
7069	Multiple
7166	Multiple
7214	Multiple
723	Multiple
7590	Multiple
7645	Multiple
7680	Multiple
8040	Multiple
8096	Multiple
8522	Multiple
8625	Multiple
8684	Multiple
8971	Multiple
898	Multiple
919	Multiple
9347	Multiple
937	Multiple
9382	Multiple
9644	Multiple
9956	Multiple
9978	Multiple
11031	Multiple
11909	Multiple
12752	Multiple
13392	Multiple
13982	Multiple
14476	Multiple
15546	Multiple
16495	Multiple
16537	Multiple
16613	Multiple
16936	Multiple
17027	Multiple
17617	Multiple
17628	Multiple
17666	Multiple
17726	Multiple
17865	Multiple
17984	Multiple
1824	Multiple
20114	Multiple
20586	Multiple
20921	Multiple
21	Multiple
21019	Multiple
21114	Multiple
21209	Multiple
21307	Multiple
21482	Multiple
21680	Multiple
21711	Multiple
21842	Multiple
22612	Multiple
22899	Multiple
23298	Multiple
23315	Multiple
23342	Multiple
23452	Multiple
23493	Multiple
23644	Multiple
23662	Multiple
23818	Multiple
23939	Multiple
23969	Multiple
2412	Multiple
24356	Multiple
24773	Multiple
25733	Multiple
3055	Multiple
4266	Multiple
7660	Multiple
8165	Multiple
8413	Multiple
8946	Multiple
9216	Multiple
9349	Multiple
